129.99,"Color: white / L: 39.4 - W: 18.9 - H: 30.5, inch / Price: 129.99",https://www.amazon.ca/Rolanstar-Computer-Outlets-Drawers-Storage/dp/B0CMCM4P42/ref=sr_1_1_sspa?crid=5CZX7GDR9734&dib=eyJ2IjoiMSJ9.IVhBbnlU0Fh_u0aPfO02C4r52LXTg5OZqDmIyf6FQpSzWT2M-qbCEoaEZV6HX6sOTmJDHPk1EtDjfRnhbKaluvXdttxyePBDgSqodCNSuzi-qGe6bLlWs-b-OsHoCu1inFXfW9yLW6FvSPwxqDk6GFustp9LAhKdnAsvy0gTnhMDQdY0_swU8zmNuKKuc1_sScCs3KRC4ZSwNMP9jjFWj2PE6RY4V4xcZS33GMzaiRtY_6oB30Q0ehSpsg6J5T847VBL5klD6nfJ1Im5dsw1mrM-3vF5E2ZO09R-1exeBig.qPiAgyw3IoNNKR-Mqkdd1aollRBptJjcCYfvjJAFGAg&dib_tag=se&keywords=light%2Bcolor%2Boffice%2Bdesk&qid=1731713485&sprefix=light%2Bcolor%2Boffice%2Bdesk%2Caps%2C99&sr=8-1-spons&sp_csd=d2lkZ2V0TmFtZT1zcF9hdGY&th=1
169.99,"Color: white / L: 55.1 - W: 18.9 - H: 30.5, inch / Price: 169.99",https://www.amazon.ca/Rolanstar-Computer-Outlets-Drawers-Storage/dp/B0C621P5B3/ref=sr_1_1_sspa?crid=5CZX7GDR9734&dib=eyJ2IjoiMSJ9.IVhBbnlU0Fh_u0aPfO02C4r52LXTg5OZqDmIyf6FQpSzWT2M-qbCEoaEZV6HX6sOTmJDHPk1EtDjfRnhbKaluvXdttxyePBDgSqodCNSuzi-qGe6bLlWs-b-OsHoCu1inFXfW9yLW6FvSPwxqDk6GFustp9LAhKdnAsvy0gTnhMDQdY0_swU8zmNuKKuc1_sScCs3KRC4ZSwNMP9jjFWj2PE6RY4V4xcZS33GMzaiRtY_6oB30Q0ehSpsg6J5T847VBL5klD6nfJ1Im5dsw1mrM-3vF5E2ZO09R-1exeBig.qPiAgyw3IoNNKR-Mqkdd1aollRBptJjcCYfvjJAFGAg&dib_tag=se&keywords=light%2Bcolor%2Boffice%2Bdesk&qid=1731713485&sprefix=light%2Bcolor%2Boffice%2Bdesk%2Caps%2C99&sr=8-1-spons&sp_csd=d2lkZ2V0TmFtZT1zcF9hdGY&th=1
149.99,"Color: white / L: 47.2 - W: 18.9 - H: 30.5, inch / Price: 149.99",https://www.amazon.ca/Rolanstar-Computer-Outlets-Drawers-Storage/dp/B0C625BXBT/ref=sr_1_1_sspa?crid=5CZX7GDR9734&dib=eyJ2IjoiMSJ9.IVhBbnlU0Fh_u0aPfO02C4r52LXTg5OZqDmIyf6FQpSzWT2M-qbCEoaEZV6HX6sOTmJDHPk1EtDjfRnhbKaluvXdttxyePBDgSqodCNSuzi-qGe6bLlWs-b-OsHoCu1inFXfW9yLW6FvSPwxqDk6GFustp9LAhKdnAsvy0gTnhMDQdY0_swU8zmNuKKuc1_sScCs3KRC4ZSwNMP9jjFWj2PE6RY4V4xcZS33GMzaiRtY_6oB30Q0ehSpsg6J5T847VBL5klD6nfJ1Im5dsw1mrM-3vF5E2ZO09R-1exeBig.qPiAgyw3IoNNKR-Mqkdd1aollRBptJjcCYfvjJAFGAg&dib_tag=se&keywords=light%2Bcolor%2Boffice%2Bdesk&qid=1731713485&sprefix=light%2Bcolor%2Boffice%2Bdesk%2Caps%2C99&sr=8-1-spons&sp_csd=d2lkZ2V0TmFtZT1zcF9hdGY&th=1
199.99,"Color: white / L: 63.0 - W: 18.5 - H: 30.7, inch / Price: 199.99",https://www.amazon.ca/Rolanstar-Computer-Drawers-Ergonomic-Keyboard/dp/B0BZPS964H/ref=sxin_15_pa_sp_search_thematic_sspa?content-id=amzn1.sym.46621be6-fabe-4126-8501-d32c96c42a24%3Aamzn1.sym.46621be6-fabe-4126-8501-d32c96c42a24&crid=5CZX7GDR9734&cv_ct_cx=light%2Bcolor%2Boffice%2Bdesk&dib=eyJ2IjoiMSJ9.zS_oYutsDIV9MzUhCd86vk1Ql-Qw6-kuWBOESpdiMelBL8KkiEMLGwAoPFi4e6u82LfhFlzbxHNsfuQx6Rac9g.HI58JR1gPnTH2fkan3HWOEUhftgwPYgGVcOs7vOzKeU&dib_tag=se&keywords=light%2Bcolor%2Boffice%2Bdesk&pd_rd_i=B0BZPS964H&pd_rd_r=ef5398aa-3c36-42ac-80f2-8fc307760390&pd_rd_w=0WphY&pd_rd_wg=ZrKeP&pf_rd_p=46621be6-fabe-4126-8501-d32c96c42a24&pf_rd_r=CB2M32NMXT1Y4FPBQD7X&qid=1731713485&sbo=RZvfv%2F%2FHxDF%2BO5021pAnSA%3D%3D&sprefix=light%2Bcolor%2Boffice%2Bdesk%2Caps%2C99&sr=1-2-acb80629-ce74-4cc5-9423-11e8801573fb-spons&sp_csd=d2lkZ2V0TmFtZT1zcF9zZWFyY2hfdGhlbWF0aWM&th=1
299.87,"Color: maple / L: 55.0 - W: 28.0 - H: 28.0, inch / Price: 299.87",https://www.amazon.ca/SHW-55-Inch-Electric-Adjustable-Computer/dp/B07Q3TGL7M/ref=sxin_15_pa_sp_search_thematic_sspa?content-id=amzn1.sym.46621be6-fabe-4126-8501-d32c96c42a24%3Aamzn1.sym.46621be6-fabe-4126-8501-d32c96c42a24&crid=5CZX7GDR9734&cv_ct_cx=light%2Bcolor%2Boffice%2Bdesk&dib=eyJ2IjoiMSJ9.zS_oYutsDIV9MzUhCd86vk1Ql-Qw6-kuWBOESpdiMelBL8KkiEMLGwAoPFi4e6u82LfhFlzbxHNsfuQx6Rac9g.HI58JR1gPnTH2fkan3HWOEUhftgwPYgGVcOs7vOzKeU&dib_tag=se&keywords=light%2Bcolor%2Boffice%2Bdesk&pd_rd_i=B07Q3TGL7M&pd_rd_r=ef5398aa-3c36-42ac-80f2-8fc307760390&pd_rd_w=0WphY&pd_rd_wg=ZrKeP&pf_rd_p=46621be6-fabe-4126-8501-d32c96c42a24&pf_rd_r=CB2M32NMXT1Y4FPBQD7X&qid=1731713485&sbo=RZvfv%2F%2FHxDF%2BO5021pAnSA%3D%3D&sprefix=light%2Bcolor%2Boffice%2Bdesk%2Caps%2C99&sr=1-4-acb80629-ce74-4cc5-9423-11e8801573fb-spons&sp_csd=d2lkZ2V0TmFtZT1zcF9zZWFyY2hfdGhlbWF0aWM&th=1
249.87,"Color: maple / L: 48.0 - W: 24.0 - H: 28.0, inch / Price: 249.87",https://www.amazon.ca/SHW-55-Inch-Electric-Adjustable-Computer/dp/B07XPHQZS3/ref=sxin_15_pa_sp_search_thematic_sspa?content-id=amzn1.sym.46621be6-fabe-4126-8501-d32c96c42a24%3Aamzn1.sym.46621be6-fabe-4126-8501-d32c96c42a24&crid=5CZX7GDR9734&cv_ct_cx=light%2Bcolor%2Boffice%2Bdesk&dib=eyJ2IjoiMSJ9.zS_oYutsDIV9MzUhCd86vk1Ql-Qw6-kuWBOESpdiMelBL8KkiEMLGwAoPFi4e6u82LfhFlzbxHNsfuQx6Rac9g.HI58JR1gPnTH2fkan3HWOEUhftgwPYgGVcOs7vOzKeU&dib_tag=se&keywords=light%2Bcolor%2Boffice%2Bdesk&pd_rd_i=B07Q3TGL7M&pd_rd_r=ef5398aa-3c36-42ac-80f2-8fc307760390&pd_rd_w=0WphY&pd_rd_wg=ZrKeP&pf_rd_p=46621be6-fabe-4126-8501-d32c96c42a24&pf_rd_r=CB2M32NMXT1Y4FPBQD7X&qid=1731713485&sbo=RZvfv%2F%2FHxDF%2BO5021pAnSA%3D%3D&sprefix=light%2Bcolor%2Boffice%2Bdesk%2Caps%2C99&sr=1-4-acb80629-ce74-4cc5-9423-11e8801573fb-spons&sp_csd=d2lkZ2V0TmFtZT1zcF9zZWFyY2hfdGhlbWF0aWM&th=1
199.87,"Color: maple / L: 40.0 - W: 24.0 - H: 28.0, inch / Price: 199.87",https://www.amazon.ca/SHW-55-Inch-Electric-Adjustable-Computer/dp/B08YWBM5XG/ref=sxin_15_pa_sp_search_thematic_sspa?content-id=amzn1.sym.46621be6-fabe-4126-8501-d32c96c42a24%3Aamzn1.sym.46621be6-fabe-4126-8501-d32c96c42a24&crid=5CZX7GDR9734&cv_ct_cx=light%2Bcolor%2Boffice%2Bdesk&dib=eyJ2IjoiMSJ9.zS_oYutsDIV9MzUhCd86vk1Ql-Qw6-kuWBOESpdiMelBL8KkiEMLGwAoPFi4e6u82LfhFlzbxHNsfuQx6Rac9g.HI58JR1gPnTH2fkan3HWOEUhftgwPYgGVcOs7vOzKeU&dib_tag=se&keywords=light%2Bcolor%2Boffice%2Bdesk&pd_rd_i=B07Q3TGL7M&pd_rd_r=ef5398aa-3c36-42ac-80f2-8fc307760390&pd_rd_w=0WphY&pd_rd_wg=ZrKeP&pf_rd_p=46621be6-fabe-4126-8501-d32c96c42a24&pf_rd_r=CB2M32NMXT1Y4FPBQD7X&qid=1731713485&sbo=RZvfv%2F%2FHxDF%2BO5021pAnSA%3D%3D&sprefix=light%2Bcolor%2Boffice%2Bdesk%2Caps%2C99&sr=1-4-acb80629-ce74-4cc5-9423-11e8801573fb-spons&sp_csd=d2lkZ2V0TmFtZT1zcF9zZWFyY2hfdGhlbWF0aWM&th=1
249.87,"Color: oak / L: 48.0 - W: 24.0 - H: 28.0, inch / Price: 249.87",https://www.amazon.ca/SHW-55-Inch-Electric-Adjustable-Computer/dp/B07GVRKCWP/ref=sxin_15_pa_sp_search_thematic_sspa?content-id=amzn1.sym.46621be6-fabe-4126-8501-d32c96c42a24%3Aamzn1.sym.46621be6-fabe-4126-8501-d32c96c42a24&crid=5CZX7GDR9734&cv_ct_cx=light%2Bcolor%2Boffice%2Bdesk&dib=eyJ2IjoiMSJ9.zS_oYutsDIV9MzUhCd86vk1Ql-Qw6-kuWBOESpdiMelBL8KkiEMLGwAoPFi4e6u82LfhFlzbxHNsfuQx6Rac9g.HI58JR1gPnTH2fkan3HWOEUhftgwPYgGVcOs7vOzKeU&dib_tag=se&keywords=light%2Bcolor%2Boffice%2Bdesk&pd_rd_i=B07Q3TGL7M&pd_rd_r=ef5398aa-3c36-42ac-80f2-8fc307760390&pd_rd_w=0WphY&pd_rd_wg=ZrKeP&pf_rd_p=46621be6-fabe-4126-8501-d32c96c42a24&pf_rd_r=CB2M32NMXT1Y4FPBQD7X&qid=1731713485&sbo=RZvfv%2F%2FHxDF%2BO5021pAnSA%3D%3D&sprefix=light%2Bcolor%2Boffice%2Bdesk%2Caps%2C99&sr=1-4-acb80629-ce74-4cc5-9423-11e8801573fb-spons&sp_csd=d2lkZ2V0TmFtZT1zcF9zZWFyY2hfdGhlbWF0aWM&th=1
249.87,"Color: white / L: 48.0 - W: 24.0 - H: 28.0, inch / Price: 249.87",https://www.amazon.ca/SHW-55-Inch-Electric-Adjustable-Computer/dp/B0BGZG7W8D/ref=sxin_15_pa_sp_search_thematic_sspa?content-id=amzn1.sym.46621be6-fabe-4126-8501-d32c96c42a24%3Aamzn1.sym.46621be6-fabe-4126-8501-d32c96c42a24&crid=5CZX7GDR9734&cv_ct_cx=light%2Bcolor%2Boffice%2Bdesk&dib=eyJ2IjoiMSJ9.zS_oYutsDIV9MzUhCd86vk1Ql-Qw6-kuWBOESpdiMelBL8KkiEMLGwAoPFi4e6u82LfhFlzbxHNsfuQx6Rac9g.HI58JR1gPnTH2fkan3HWOEUhftgwPYgGVcOs7vOzKeU&dib_tag=se&keywords=light%2Bcolor%2Boffice%2Bdesk&pd_rd_i=B07Q3TGL7M&pd_rd_r=ef5398aa-3c36-42ac-80f2-8fc307760390&pd_rd_w=0WphY&pd_rd_wg=ZrKeP&pf_rd_p=46621be6-fabe-4126-8501-d32c96c42a24&pf_rd_r=CB2M32NMXT1Y4FPBQD7X&qid=1731713485&sbo=RZvfv%2F%2FHxDF%2BO5021pAnSA%3D%3D&sprefix=light%2Bcolor%2Boffice%2Bdesk%2Caps%2C99&sr=1-4-acb80629-ce74-4cc5-9423-11e8801573fb-spons&sp_csd=d2lkZ2V0TmFtZT1zcF9zZWFyY2hfdGhlbWF0aWM&th=1
299.87,"Color: white / L: 55.0 - W: 28.0 - H: 28.0, inch / Price: 299.87",https://www.amazon.ca/SHW-55-Inch-Electric-Adjustable-Computer/dp/B0BNF43SWG/ref=sxin_15_pa_sp_search_thematic_sspa?content-id=amzn1.sym.46621be6-fabe-4126-8501-d32c96c42a24%3Aamzn1.sym.46621be6-fabe-4126-8501-d32c96c42a24&crid=5CZX7GDR9734&cv_ct_cx=light%2Bcolor%2Boffice%2Bdesk&dib=eyJ2IjoiMSJ9.zS_oYutsDIV9MzUhCd86vk1Ql-Qw6-kuWBOESpdiMelBL8KkiEMLGwAoPFi4e6u82LfhFlzbxHNsfuQx6Rac9g.HI58JR1gPnTH2fkan3HWOEUhftgwPYgGVcOs7vOzKeU&dib_tag=se&keywords=light%2Bcolor%2Boffice%2Bdesk&pd_rd_i=B07Q3TGL7M&pd_rd_r=ef5398aa-3c36-42ac-80f2-8fc307760390&pd_rd_w=0WphY&pd_rd_wg=ZrKeP&pf_rd_p=46621be6-fabe-4126-8501-d32c96c42a24&pf_rd_r=CB2M32NMXT1Y4FPBQD7X&qid=1731713485&sbo=RZvfv%2F%2FHxDF%2BO5021pAnSA%3D%3D&sprefix=light%2Bcolor%2Boffice%2Bdesk%2Caps%2C99&sr=1-4-acb80629-ce74-4cc5-9423-11e8801573fb-spons&sp_csd=d2lkZ2V0TmFtZT1zcF9zZWFyY2hfdGhlbWF0aWM&th=1
199.87,"Color: white / L: 40.0 - W: 24.0 - H: 28.0, inch / Price: 199.87",https://www.amazon.ca/SHW-55-Inch-Electric-Adjustable-Computer/dp/B09DJC6XQW/ref=sxin_15_pa_sp_search_thematic_sspa?content-id=amzn1.sym.46621be6-fabe-4126-8501-d32c96c42a24%3Aamzn1.sym.46621be6-fabe-4126-8501-d32c96c42a24&crid=5CZX7GDR9734&cv_ct_cx=light%2Bcolor%2Boffice%2Bdesk&dib=eyJ2IjoiMSJ9.zS_oYutsDIV9MzUhCd86vk1Ql-Qw6-kuWBOESpdiMelBL8KkiEMLGwAoPFi4e6u82LfhFlzbxHNsfuQx6Rac9g.HI58JR1gPnTH2fkan3HWOEUhftgwPYgGVcOs7vOzKeU&dib_tag=se&keywords=light%2Bcolor%2Boffice%2Bdesk&pd_rd_i=B07Q3TGL7M&pd_rd_r=ef5398aa-3c36-42ac-80f2-8fc307760390&pd_rd_w=0WphY&pd_rd_wg=ZrKeP&pf_rd_p=46621be6-fabe-4126-8501-d32c96c42a24&pf_rd_r=CB2M32NMXT1Y4FPBQD7X&qid=1731713485&sbo=RZvfv%2F%2FHxDF%2BO5021pAnSA%3D%3D&sprefix=light%2Bcolor%2Boffice%2Bdesk%2Caps%2C99&sr=1-4-acb80629-ce74-4cc5-9423-11e8801573fb-spons&sp_csd=d2lkZ2V0TmFtZT1zcF9zZWFyY2hfdGhlbWF0aWM&th=1
159.99,"Color: white / L: 47.2 - W: 31.1 - H: 34.7, inch / Price: 159.99",https://www.amazon.ca/Seventable-Computer-Drawers-Outlets-Reversible/dp/B0CKT2KDPP/ref=sxin_15_pa_sp_search_thematic_sspa?content-id=amzn1.sym.46621be6-fabe-4126-8501-d32c96c42a24%3Aamzn1.sym.46621be6-fabe-4126-8501-d32c96c42a24&crid=5CZX7GDR9734&cv_ct_cx=light%2Bcolor%2Boffice%2Bdesk&dib=eyJ2IjoiMSJ9.zS_oYutsDIV9MzUhCd86vk1Ql-Qw6-kuWBOESpdiMelBL8KkiEMLGwAoPFi4e6u82LfhFlzbxHNsfuQx6Rac9g.HI58JR1gPnTH2fkan3HWOEUhftgwPYgGVcOs7vOzKeU&dib_tag=se&keywords=light%2Bcolor%2Boffice%2Bdesk&pd_rd_i=B0CKSYS93L&pd_rd_r=ef5398aa-3c36-42ac-80f2-8fc307760390&pd_rd_w=0WphY&pd_rd_wg=ZrKeP&pf_rd_p=46621be6-fabe-4126-8501-d32c96c42a24&pf_rd_r=CB2M32NMXT1Y4FPBQD7X&qid=1731713485&sbo=RZvfv%2F%2FHxDF%2BO5021pAnSA%3D%3D&sprefix=light%2Bcolor%2Boffice%2Bdesk%2Caps%2C99&sr=1-3-acb80629-ce74-4cc5-9423-11e8801573fb-spons&sp_csd=d2lkZ2V0TmFtZT1zcF9zZWFyY2hfdGhlbWF0aWM&th=1
169.99,"Color: white / L: 55.1 - W: 31.1 - H: 34.7, inch / Price: 169.99",https://www.amazon.ca/Seventable-Computer-Drawers-Outlets-Reversible/dp/B0CKT3WZ2K/ref=sxin_15_pa_sp_search_thematic_sspa?content-id=amzn1.sym.46621be6-fabe-4126-8501-d32c96c42a24%3Aamzn1.sym.46621be6-fabe-4126-8501-d32c96c42a24&crid=5CZX7GDR9734&cv_ct_cx=light%2Bcolor%2Boffice%2Bdesk&dib=eyJ2IjoiMSJ9.zS_oYutsDIV9MzUhCd86vk1Ql-Qw6-kuWBOESpdiMelBL8KkiEMLGwAoPFi4e6u82LfhFlzbxHNsfuQx6Rac9g.HI58JR1gPnTH2fkan3HWOEUhftgwPYgGVcOs7vOzKeU&dib_tag=se&keywords=light%2Bcolor%2Boffice%2Bdesk&pd_rd_i=B0CKSYS93L&pd_rd_r=ef5398aa-3c36-42ac-80f2-8fc307760390&pd_rd_w=0WphY&pd_rd_wg=ZrKeP&pf_rd_p=46621be6-fabe-4126-8501-d32c96c42a24&pf_rd_r=CB2M32NMXT1Y4FPBQD7X&qid=1731713485&sbo=RZvfv%2F%2FHxDF%2BO5021pAnSA%3D%3D&sprefix=light%2Bcolor%2Boffice%2Bdesk%2Caps%2C99&sr=1-3-acb80629-ce74-4cc5-9423-11e8801573fb-spons&sp_csd=d2lkZ2V0TmFtZT1zcF9zZWFyY2hfdGhlbWF0aWM&th=1
99.99,"Color: oak / L: 51.3 - W: 19.7 - H: 44.7, inch / Price: 99.99",https://www.amazon.ca/Bestier-Desk-with-Lighting/dp/B0B78K2PQV/ref=sxin_15_pa_sp_search_thematic_sspa?content-id=amzn1.sym.46621be6-fabe-4126-8501-d32c96c42a24%3Aamzn1.sym.46621be6-fabe-4126-8501-d32c96c42a24&crid=5CZX7GDR9734&cv_ct_cx=light%2Bcolor%2Boffice%2Bdesk&dib=eyJ2IjoiMSJ9.zS_oYutsDIV9MzUhCd86vk1Ql-Qw6-kuWBOESpdiMelBL8KkiEMLGwAoPFi4e6u82LfhFlzbxHNsfuQx6Rac9g.HI58JR1gPnTH2fkan3HWOEUhftgwPYgGVcOs7vOzKeU&dib_tag=se&keywords=light%2Bcolor%2Boffice%2Bdesk&pd_rd_i=B09B8P4QC7&pd_rd_r=ef5398aa-3c36-42ac-80f2-8fc307760390&pd_rd_w=0WphY&pd_rd_wg=ZrKeP&pf_rd_p=46621be6-fabe-4126-8501-d32c96c42a24&pf_rd_r=CB2M32NMXT1Y4FPBQD7X&qid=1731713485&sbo=RZvfv%2F%2FHxDF%2BO5021pAnSA%3D%3D&sprefix=light%2Bcolor%2Boffice%2Bdesk%2Caps%2C99&sr=1-5-acb80629-ce74-4cc5-9423-11e8801573fb-spons&sp_csd=d2lkZ2V0TmFtZT1zcF9zZWFyY2hfdGhlbWF0aWM&th=1
119.99,"Color: oak / L: 43.5 - W: 19.7 - H: 44.7, inch / Price: 119.99",https://www.amazon.ca/Bestier-Desk-with-Lighting/dp/B09B8VP7CG/ref=sxin_15_pa_sp_search_thematic_sspa?content-id=amzn1.sym.46621be6-fabe-4126-8501-d32c96c42a24%3Aamzn1.sym.46621be6-fabe-4126-8501-d32c96c42a24&crid=5CZX7GDR9734&cv_ct_cx=light%2Bcolor%2Boffice%2Bdesk&dib=eyJ2IjoiMSJ9.zS_oYutsDIV9MzUhCd86vk1Ql-Qw6-kuWBOESpdiMelBL8KkiEMLGwAoPFi4e6u82LfhFlzbxHNsfuQx6Rac9g.HI58JR1gPnTH2fkan3HWOEUhftgwPYgGVcOs7vOzKeU&dib_tag=se&keywords=light%2Bcolor%2Boffice%2Bdesk&pd_rd_i=B09B8P4QC7&pd_rd_r=ef5398aa-3c36-42ac-80f2-8fc307760390&pd_rd_w=0WphY&pd_rd_wg=ZrKeP&pf_rd_p=46621be6-fabe-4126-8501-d32c96c42a24&pf_rd_r=CB2M32NMXT1Y4FPBQD7X&qid=1731713485&sbo=RZvfv%2F%2FHxDF%2BO5021pAnSA%3D%3D&sprefix=light%2Bcolor%2Boffice%2Bdesk%2Caps%2C99&sr=1-5-acb80629-ce74-4cc5-9423-11e8801573fb-spons&sp_csd=d2lkZ2V0TmFtZT1zcF9zZWFyY2hfdGhlbWF0aWM&th=1
300.42,"Color: white / L: 44.3 - W: 19.7 - H: 44.7, inch / Price: 300.42",https://www.amazon.ca/Bestier-Desk-with-Lighting/dp/B0CJLQ4GZ6/ref=sxin_15_pa_sp_search_thematic_sspa?content-id=amzn1.sym.46621be6-fabe-4126-8501-d32c96c42a24%3Aamzn1.sym.46621be6-fabe-4126-8501-d32c96c42a24&crid=5CZX7GDR9734&cv_ct_cx=light%2Bcolor%2Boffice%2Bdesk&dib=eyJ2IjoiMSJ9.zS_oYutsDIV9MzUhCd86vk1Ql-Qw6-kuWBOESpdiMelBL8KkiEMLGwAoPFi4e6u82LfhFlzbxHNsfuQx6Rac9g.HI58JR1gPnTH2fkan3HWOEUhftgwPYgGVcOs7vOzKeU&dib_tag=se&keywords=light%2Bcolor%2Boffice%2Bdesk&pd_rd_i=B09B8P4QC7&pd_rd_r=ef5398aa-3c36-42ac-80f2-8fc307760390&pd_rd_w=0WphY&pd_rd_wg=ZrKeP&pf_rd_p=46621be6-fabe-4126-8501-d32c96c42a24&pf_rd_r=CB2M32NMXT1Y4FPBQD7X&qid=1731713485&sbo=RZvfv%2F%2FHxDF%2BO5021pAnSA%3D%3D&sprefix=light%2Bcolor%2Boffice%2Bdesk%2Caps%2C99&sr=1-5-acb80629-ce74-4cc5-9423-11e8801573fb-spons&sp_csd=d2lkZ2V0TmFtZT1zcF9zZWFyY2hfdGhlbWF0aWM&th=1
99.99,"Color: beige / L: 39.4 - W: 27.5 - H: 29.5, inch / Price: 99.99",https://www.amazon.ca/dp/B0CT7TP1KQ/ref=twister_B0D969BWVY?_encoding=UTF8&th=1
109.99,"Color: beige / L: 47.2 - W: 27.6 - H: 29.5, inch / Price: 109.99",https://www.amazon.ca/dp/B0CT7LYTL9/ref=twister_B0D969BWVY?_encoding=UTF8&th=1
104.39,"Color: white / L: 47.2 - W: 27.5 - H: 29.5, inch / Price: 104.39",https://www.amazon.ca/dp/B0CT7NFXT6/ref=twister_B0D969BWVY?_encoding=UTF8&th=1
95.39,"Color: white / L: 39.4 - W: 27.5 - H: 29.5, inch / Price: 95.39",https://www.amazon.ca/dp/B0CT78FLXN/ref=twister_B0D969BWVY?_encoding=UTF8&th=1
109.99,"Color: ivory / L: 40.0 - W: 27.56 - H: 28.7, inch / Price: 109.99",https://www.amazon.ca/dp/B0CQQZHZ69/ref=sspa_dk_detail_0?pd_rd_i=B0CQQZHZ69&pd_rd_w=1Ab6e&content-id=amzn1.sym.516c2169-755e-413a-a38a-68230f4ab66f&pf_rd_p=516c2169-755e-413a-a38a-68230f4ab66f&pf_rd_r=VT74EF904Y91CM19VHJV&pd_rd_wg=1cN5r&pd_rd_r=d12f0386-a647-4367-9fd6-6ebf99359c12&s=kitchen&sp_csd=d2lkZ2V0TmFtZT1zcF9kZXRhaWw&th=1
119.99,"Color: ivory / L: 47.0 - W: 27.56 - H: 28.7, inch / Price: 119.99",https://www.amazon.ca/dp/B0CPHWK6B4/ref=sspa_dk_detail_0?pd_rd_i=B0CQQZHZ69&pd_rd_w=1Ab6e&content-id=amzn1.sym.516c2169-755e-413a-a38a-68230f4ab66f&pf_rd_p=516c2169-755e-413a-a38a-68230f4ab66f&pf_rd_r=VT74EF904Y91CM19VHJV&pd_rd_wg=1cN5r&pd_rd_r=d12f0386-a647-4367-9fd6-6ebf99359c12&s=kitchen&sp_csd=d2lkZ2V0TmFtZT1zcF9kZXRhaWw&th=1
124.99,"Color: white / L: 47.0 - W: 27.56 - H: 28.74, inch / Price: 124.99",https://www.amazon.ca/dp/B09J4TK2K1/ref=sspa_dk_detail_0?pd_rd_i=B0CQQZHZ69&pd_rd_w=1Ab6e&content-id=amzn1.sym.516c2169-755e-413a-a38a-68230f4ab66f&pf_rd_p=516c2169-755e-413a-a38a-68230f4ab66f&pf_rd_r=VT74EF904Y91CM19VHJV&pd_rd_wg=1cN5r&pd_rd_r=d12f0386-a647-4367-9fd6-6ebf99359c12&s=kitchen&sp_csd=d2lkZ2V0TmFtZT1zcF9kZXRhaWw&th=1
230.95,"Color: white / L: 47.0 - W: 27.56 - H: 28.7, inch / Price: 230.95",https://www.amazon.ca/dp/B0CC2JSTMP/ref=sspa_dk_detail_0?pd_rd_i=B0CQQZHZ69&pd_rd_w=1Ab6e&content-id=amzn1.sym.516c2169-755e-413a-a38a-68230f4ab66f&pf_rd_p=516c2169-755e-413a-a38a-68230f4ab66f&pf_rd_r=VT74EF904Y91CM19VHJV&pd_rd_wg=1cN5r&pd_rd_r=d12f0386-a647-4367-9fd6-6ebf99359c12&s=kitchen&sp_csd=d2lkZ2V0TmFtZT1zcF9kZXRhaWw&th=1
200,"Color: white / L: 40.0 - W: 27.56 - H: 28.7, inch / Price: 200.00",https://www.amazon.ca/dp/B0CC27VG8K/ref=sspa_dk_detail_0?pd_rd_i=B0CQQZHZ69&pd_rd_w=1Ab6e&content-id=amzn1.sym.516c2169-755e-413a-a38a-68230f4ab66f&pf_rd_p=516c2169-755e-413a-a38a-68230f4ab66f&pf_rd_r=VT74EF904Y91CM19VHJV&pd_rd_wg=1cN5r&pd_rd_r=d12f0386-a647-4367-9fd6-6ebf99359c12&s=kitchen&sp_csd=d2lkZ2V0TmFtZT1zcF9kZXRhaWw&th=1
303.97,"Color: white / L: 55.0 - W: 27.56 - H: 28.7, inch / Price: 303.97",https://www.amazon.ca/dp/B0CC2K7VH3/ref=sspa_dk_detail_0?pd_rd_i=B0CQQZHZ69&pd_rd_w=1Ab6e&content-id=amzn1.sym.516c2169-755e-413a-a38a-68230f4ab66f&pf_rd_p=516c2169-755e-413a-a38a-68230f4ab66f&pf_rd_r=VT74EF904Y91CM19VHJV&pd_rd_wg=1cN5r&pd_rd_r=d12f0386-a647-4367-9fd6-6ebf99359c12&s=kitchen&sp_csd=d2lkZ2V0TmFtZT1zcF9kZXRhaWw&th=1
416.85,"Color: oak / L: 48.0 - W: 24.0 - H: 46.0, inch / Price: 416.85",https://www.amazon.ca/dp/B09LY1NPZD/ref=sspa_dk_detail_3?pf_rd_p=516c2169-755e-413a-a38a-68230f4ab66f&pf_rd_r=17XE3RTE5DT4W9Z9BWFQ&pd_rd_wg=0ylV1&pd_rd_w=YxFMB&content-id=amzn1.sym.516c2169-755e-413a-a38a-68230f4ab66f&pd_rd_r=76652232-2ffd-42f5-89f0-e39b25d05637&s=kitchen&sp_csd=d2lkZ2V0TmFtZT1zcF9kZXRhaWw&th=1
482.09,"Color: white / L: 55.0 - W: 24.0 - H: 46.0, inch / Price: 482.09",https://www.amazon.ca/dp/B09NRJQCLJ/ref=sspa_dk_detail_3?pf_rd_p=516c2169-755e-413a-a38a-68230f4ab66f&pf_rd_r=17XE3RTE5DT4W9Z9BWFQ&pd_rd_wg=0ylV1&pd_rd_w=YxFMB&content-id=amzn1.sym.516c2169-755e-413a-a38a-68230f4ab66f&pd_rd_r=76652232-2ffd-42f5-89f0-e39b25d05637&s=kitchen&sp_csd=d2lkZ2V0TmFtZT1zcF9kZXRhaWw&th=1
259.99,"Color: oak / L: 55.0 - W: 30.0 - H: 46.0, inch / Price: 259.99",https://www.amazon.ca/dp/B0B9Y51XRG/ref=sspa_dk_detail_1?pd_rd_i=B0B9Y51XRG&pd_rd_w=f0vWf&content-id=amzn1.sym.516c2169-755e-413a-a38a-68230f4ab66f&pf_rd_p=516c2169-755e-413a-a38a-68230f4ab66f&pf_rd_r=FK3SPGJ4CE61SQJPEBWQ&pd_rd_wg=CIyYV&pd_rd_r=8e6e4a90-39fc-4c53-89d0-55789d557e2e&s=kitchen&sp_csd=d2lkZ2V0TmFtZT1zcF9kZXRhaWw&th=1
229.99,"Color: oak / L: 55.1 - W: 23.6 - H: 46.5, inch / Price: 229.99",https://www.amazon.ca/dp/B0CX51L8NQ/ref=twister_B0D2R9CSG4?_encoding=UTF8&th=1
349.99,"Color: oak / L: 63.0 - W: 30.0 - H: 46.0, inch / Price: 349.99",https://www.amazon.ca/dp/B0B9Y5K3YC/ref=sspa_dk_detail_1?pd_rd_i=B0B9Y51XRG&pd_rd_w=f0vWf&content-id=amzn1.sym.516c2169-755e-413a-a38a-68230f4ab66f&pf_rd_p=516c2169-755e-413a-a38a-68230f4ab66f&pf_rd_r=FK3SPGJ4CE61SQJPEBWQ&pd_rd_wg=CIyYV&pd_rd_r=8e6e4a90-39fc-4c53-89d0-55789d557e2e&s=kitchen&sp_csd=d2lkZ2V0TmFtZT1zcF9kZXRhaWw&th=1
239.99,"Color: oak / L: 55.0 - W: 24.0 - H: 45.0, inch / Price: 239.99",https://www.amazon.ca/dp/B09Q5S1GRL/ref=sspa_dk_detail_1?pd_rd_i=B0B9Y51XRG&pd_rd_w=f0vWf&content-id=amzn1.sym.516c2169-755e-413a-a38a-68230f4ab66f&pf_rd_p=516c2169-755e-413a-a38a-68230f4ab66f&pf_rd_r=FK3SPGJ4CE61SQJPEBWQ&pd_rd_wg=CIyYV&pd_rd_r=8e6e4a90-39fc-4c53-89d0-55789d557e2e&s=kitchen&sp_csd=d2lkZ2V0TmFtZT1zcF9kZXRhaWw&th=1
339.99,"Color: oak / L: 63.0 - W: 30.0 - H: 45.0, inch / Price: 339.99",https://www.amazon.ca/dp/B0B9Y2YS4C/ref=sspa_dk_detail_1?pd_rd_i=B0B9Y51XRG&pd_rd_w=f0vWf&content-id=amzn1.sym.516c2169-755e-413a-a38a-68230f4ab66f&pf_rd_p=516c2169-755e-413a-a38a-68230f4ab66f&pf_rd_r=FK3SPGJ4CE61SQJPEBWQ&pd_rd_wg=CIyYV&pd_rd_r=8e6e4a90-39fc-4c53-89d0-55789d557e2e&s=kitchen&sp_csd=d2lkZ2V0TmFtZT1zcF9kZXRhaWw&th=1
249.99,"Color: white / L: 63.0 - W: 23.6 - H: 47.2, inch / Price: 249.99",https://www.amazon.ca/dp/B0CXSL1JV2/ref=sspa_dk_detail_5?pf_rd_p=516c2169-755e-413a-a38a-68230f4ab66f&pf_rd_r=YJ6JCB3JXN2PSY7ENTSP&pd_rd_wg=5c0H1&pd_rd_w=CvFqE&content-id=amzn1.sym.516c2169-755e-413a-a38a-68230f4ab66f&pd_rd_r=9eae442c-dcd9-421e-a217-77e876b5c189&s=kitchen&sp_csd=d2lkZ2V0TmFtZT1zcF9kZXRhaWw&th=1
169.99,"Color: white / L: 39.4 - W: 23.6 - H: 28.3, inch / Price: 169.99",https://www.amazon.ca/dp/B0CXSBX6XK/ref=sspa_dk_detail_5?pf_rd_p=516c2169-755e-413a-a38a-68230f4ab66f&pf_rd_r=YJ6JCB3JXN2PSY7ENTSP&pd_rd_wg=5c0H1&pd_rd_w=CvFqE&content-id=amzn1.sym.516c2169-755e-413a-a38a-68230f4ab66f&pd_rd_r=9eae442c-dcd9-421e-a217-77e876b5c189&s=kitchen&sp_csd=d2lkZ2V0TmFtZT1zcF9kZXRhaWw&th=1
219.99,"Color: white / L: 55.1 - W: 23.6 - H: 28.3, inch / Price: 219.99",https://www.amazon.ca/dp/B0CXSVQN3N/ref=sspa_dk_detail_5?pf_rd_p=516c2169-755e-413a-a38a-68230f4ab66f&pf_rd_r=YJ6JCB3JXN2PSY7ENTSP&pd_rd_wg=5c0H1&pd_rd_w=CvFqE&content-id=amzn1.sym.516c2169-755e-413a-a38a-68230f4ab66f&pd_rd_r=9eae442c-dcd9-421e-a217-77e876b5c189&s=kitchen&sp_csd=d2lkZ2V0TmFtZT1zcF9kZXRhaWw&th=1
259.99,"Color: natural / L: 55.0 - W: 28.0 - H: 45.5, inch / Price: 259.99",https://www.amazon.ca/dp/B0BPP35T9C/ref=syn_sd_onsite_desktop_0?ie=UTF8&pd_rd_plhdr=t&aref=DyY9tXzrgW&th=1
259.99,"Color: oak / L: 55.0 - W: 28.0 - H: 45.5, inch / Price: 259.99",https://www.amazon.ca/dp/B0BPP5KFLT/ref=syn_sd_onsite_desktop_0?ie=UTF8&pd_rd_plhdr=t&aref=DyY9tXzrgW&th=1
299.99,"Color: bamboo / L: 48.0 - W: 24.0 - H: 28.0, inch / Price: 299.99",https://www.amazon.ca/dp/B09W9JRYH2/ref=sspa_dk_detail_2?pd_rd_i=B08BHW35ZV&pd_rd_w=0Vywz&content-id=amzn1.sym.516c2169-755e-413a-a38a-68230f4ab66f&pf_rd_p=516c2169-755e-413a-a38a-68230f4ab66f&pf_rd_r=JX7JE8ZQR44CHPHKJ2VP&pd_rd_wg=2wJ36&pd_rd_r=a15038e0-ca94-4d10-a75a-32205f3d9d61&s=kitchen&sp_csd=d2lkZ2V0TmFtZT1zcF9kZXRhaWw&th=1
269.99,"Color: bamboo / L: 40.0 - W: 24.0 - H: 28.0, inch / Price: 269.99",https://www.amazon.ca/dp/B09W9KV416/ref=sspa_dk_detail_2?pd_rd_i=B08BHW35ZV&pd_rd_w=0Vywz&content-id=amzn1.sym.516c2169-755e-413a-a38a-68230f4ab66f&pf_rd_p=516c2169-755e-413a-a38a-68230f4ab66f&pf_rd_r=JX7JE8ZQR44CHPHKJ2VP&pd_rd_wg=2wJ36&pd_rd_r=a15038e0-ca94-4d10-a75a-32205f3d9d61&s=kitchen&sp_csd=d2lkZ2V0TmFtZT1zcF9kZXRhaWw&th=1
329.99,"Color: maple / L: 40.0 - W: 24.0 - H: 28.0, inch / Price: 329.99",https://www.amazon.ca/dp/B08L5YQVXR/ref=sspa_dk_detail_2?pd_rd_i=B08BHW35ZV&pd_rd_w=0Vywz&content-id=amzn1.sym.516c2169-755e-413a-a38a-68230f4ab66f&pf_rd_p=516c2169-755e-413a-a38a-68230f4ab66f&pf_rd_r=JX7JE8ZQR44CHPHKJ2VP&pd_rd_wg=2wJ36&pd_rd_r=a15038e0-ca94-4d10-a75a-32205f3d9d61&s=kitchen&sp_csd=d2lkZ2V0TmFtZT1zcF9kZXRhaWw&th=1
359.99,"Color: maple / L: 48.0 - W: 24.0 - H: 28.0, inch / Price: 359.99",https://www.amazon.ca/dp/B0BVV6H6CG/ref=sspa_dk_detail_2?pd_rd_i=B08BHW35ZV&pd_rd_w=0Vywz&content-id=amzn1.sym.516c2169-755e-413a-a38a-68230f4ab66f&pf_rd_p=516c2169-755e-413a-a38a-68230f4ab66f&pf_rd_r=JX7JE8ZQR44CHPHKJ2VP&pd_rd_wg=2wJ36&pd_rd_r=a15038e0-ca94-4d10-a75a-32205f3d9d61&s=kitchen&sp_csd=d2lkZ2V0TmFtZT1zcF9kZXRhaWw&th=1
459.99,"Color:maple / L: 60.0 - W: 24.0 - H: 28.0, inch / Price: 459.99",https://www.amazon.ca/dp/B09FQ3DDRF/ref=sspa_dk_detail_2?pd_rd_i=B08BHW35ZV&pd_rd_w=0Vywz&content-id=amzn1.sym.516c2169-755e-413a-a38a-68230f4ab66f&pf_rd_p=516c2169-755e-413a-a38a-68230f4ab66f&pf_rd_r=JX7JE8ZQR44CHPHKJ2VP&pd_rd_wg=2wJ36&pd_rd_r=a15038e0-ca94-4d10-a75a-32205f3d9d61&s=kitchen&sp_csd=d2lkZ2V0TmFtZT1zcF9kZXRhaWw&th=1
399.99,"Color: white / L: 55.0 - W: 28.0 - H: 28.6, inch / Price: 399.99",https://www.amazon.ca/dp/B09LLPY25L/ref=sspa_dk_detail_2?pd_rd_i=B08BHW35ZV&pd_rd_w=0Vywz&content-id=amzn1.sym.516c2169-755e-413a-a38a-68230f4ab66f&pf_rd_p=516c2169-755e-413a-a38a-68230f4ab66f&pf_rd_r=JX7JE8ZQR44CHPHKJ2VP&pd_rd_wg=2wJ36&pd_rd_r=a15038e0-ca94-4d10-a75a-32205f3d9d61&s=kitchen&sp_csd=d2lkZ2V0TmFtZT1zcF9kZXRhaWw&th=1
359.99,"Color: white / L: 48.0 - W: 24.0 - H: 29.0, inch / Price: 359.99",https://www.amazon.ca/dp/B09LLKLMFK/ref=sspa_dk_detail_2?pd_rd_i=B08BHW35ZV&pd_rd_w=0Vywz&content-id=amzn1.sym.516c2169-755e-413a-a38a-68230f4ab66f&pf_rd_p=516c2169-755e-413a-a38a-68230f4ab66f&pf_rd_r=JX7JE8ZQR44CHPHKJ2VP&pd_rd_wg=2wJ36&pd_rd_r=a15038e0-ca94-4d10-a75a-32205f3d9d61&s=kitchen&sp_csd=d2lkZ2V0TmFtZT1zcF9kZXRhaWw&th=1
329.99,"Color: white / L: 40.0 - W: 24.0 - H: 28.0, inch / Price: 329.99",https://www.amazon.ca/dp/B0BVV8JJT5/ref=sspa_dk_detail_2?pd_rd_i=B08BHW35ZV&pd_rd_w=0Vywz&content-id=amzn1.sym.516c2169-755e-413a-a38a-68230f4ab66f&pf_rd_p=516c2169-755e-413a-a38a-68230f4ab66f&pf_rd_r=JX7JE8ZQR44CHPHKJ2VP&pd_rd_wg=2wJ36&pd_rd_r=a15038e0-ca94-4d10-a75a-32205f3d9d61&s=kitchen&sp_csd=d2lkZ2V0TmFtZT1zcF9kZXRhaWw&th=1
269.99,"Color: grey / L: 40.0 - W: 24.0 - H: 28.0, inch / Price: 269.99",https://www.amazon.ca/dp/B09W9JKQBH/ref=sspa_dk_detail_2?pd_rd_i=B08BHW35ZV&pd_rd_w=0Vywz&content-id=amzn1.sym.516c2169-755e-413a-a38a-68230f4ab66f&pf_rd_p=516c2169-755e-413a-a38a-68230f4ab66f&pf_rd_r=JX7JE8ZQR44CHPHKJ2VP&pd_rd_wg=2wJ36&pd_rd_r=a15038e0-ca94-4d10-a75a-32205f3d9d61&s=kitchen&sp_csd=d2lkZ2V0TmFtZT1zcF9kZXRhaWw&th=1
299.99,"Color: grey / L: 121.0 - W: 61.0 - H: 121.0, inch / Price: 299.99",https://www.amazon.ca/dp/B09W9HWM3S/ref=sspa_dk_detail_2?pd_rd_i=B08BHW35ZV&pd_rd_w=0Vywz&content-id=amzn1.sym.516c2169-755e-413a-a38a-68230f4ab66f&pf_rd_p=516c2169-755e-413a-a38a-68230f4ab66f&pf_rd_r=JX7JE8ZQR44CHPHKJ2VP&pd_rd_wg=2wJ36&pd_rd_r=a15038e0-ca94-4d10-a75a-32205f3d9d61&s=kitchen&sp_csd=d2lkZ2V0TmFtZT1zcF9kZXRhaWw&th=1
239.99,"Color: oak / L: 55.0 - W: 24.0 - H: 45.0, inch / Price: 239.99",https://www.amazon.ca/dp/B09Q5S1GRL/ref=sspa_dk_detail_2?pf_rd_p=516c2169-755e-413a-a38a-68230f4ab66f&pf_rd_r=43J6VF1MQKDJ8315VY2Z&pd_rd_wg=N1rrI&pd_rd_w=4JEmc&content-id=amzn1.sym.516c2169-755e-413a-a38a-68230f4ab66f&pd_rd_r=fb5e0f9f-3e5e-4edd-b6ad-971acd8ba3b7&s=kitchen&sp_csd=d2lkZ2V0TmFtZT1zcF9kZXRhaWw&th=1
339.99,"Color: oak/ L: 63.0 - W: 30.0 - H: 45.0, inch / Price: 339.99",https://www.amazon.ca/dp/B0B9Y2YS4C/ref=sspa_dk_detail_2?pf_rd_p=516c2169-755e-413a-a38a-68230f4ab66f&pf_rd_r=43J6VF1MQKDJ8315VY2Z&pd_rd_wg=N1rrI&pd_rd_w=4JEmc&content-id=amzn1.sym.516c2169-755e-413a-a38a-68230f4ab66f&pd_rd_r=fb5e0f9f-3e5e-4edd-b6ad-971acd8ba3b7&s=kitchen&sp_csd=d2lkZ2V0TmFtZT1zcF9kZXRhaWw&th=1
