,img_dir,price,color,length,width,height
0,1,129.99,white,39.4,18.9,30.5
1,2,169.99,white,55.1,18.9,30.5
2,3,149.99,white,47.2,18.9,30.5
3,4,199.99,white,63.0,18.5,30.7
4,5,299.87,maple,55.0,28.0,28.0
5,6,249.87,maple,48.0,24.0,28.0
6,7,199.87,maple,40.0,24.0,28.0
7,8,249.87,oak,48.0,24.0,28.0
8,9,249.87,white,48.0,24.0,28.0
9,10,299.87,white,55.0,28.0,28.0
10,11,199.87,white,40.0,24.0,28.0
11,12,159.99,white,47.2,31.1,34.7
12,13,169.99,white,55.1,31.1,34.7
13,14,99.99,oak,51.3,19.7,44.7
14,15,119.99,oak,43.5,19.7,44.7
15,16,300.42,white,44.3,19.7,44.7
16,17,99.99,beige,39.4,27.5,29.5
17,18,109.99,beige,47.2,27.6,29.5
18,19,104.39,white,47.2,27.5,29.5
19,20,95.39,white,39.4,27.5,29.5
20,21,109.99,ivory,40.0,27.56,28.7
21,22,119.99,ivory,47.0,27.56,28.7
22,23,124.99,white,47.0,27.56,28.74
23,24,230.95,white,47.0,27.56,28.7
24,25,200.0,white,40.0,27.56,28.7
25,26,303.97,white,55.0,27.56,28.7
26,27,416.85,oak,48.0,24.0,46.0
27,28,482.09,white,55.0,24.0,46.0
28,29,259.99,oak,55.0,30.0,46.0
29,30,229.99,oak,55.1,23.6,46.5
30,31,349.99,oak,63.0,30.0,46.0
31,32,239.99,oak,55.0,24.0,45.0
32,33,339.99,oak,63.0,30.0,45.0
33,34,249.99,white,63.0,23.6,47.2
34,35,169.99,white,39.4,23.6,28.3
35,36,219.99,white,55.1,23.6,28.3
36,37,259.99,natural,55.0,28.0,45.5
37,38,259.99,oak,55.0,28.0,45.5
38,39,299.99,bamboo,48.0,24.0,28.0
39,40,269.99,bamboo,40.0,24.0,28.0
40,41,329.99,maple,40.0,24.0,28.0
41,42,359.99,maple,48.0,24.0,28.0
42,43,459.99,maple,60.0,24.0,28.0
43,44,399.99,white,55.0,28.0,28.6
44,45,359.99,white,48.0,24.0,29.0
45,46,329.99,white,40.0,24.0,28.0
46,47,269.99,grey,40.0,24.0,28.0
47,48,299.99,grey,121.0,61.0,121.0
48,49,239.99,oak,55.0,24.0,45.0
49,50,339.99,oak,63.0,30.0,45.0
50,51,169.87,black,55,23.8,28
51,52,239.99,brown,55,24,28.3
52,53,149.99,black,47.2,18.5,30
53,54,88.97,black,40,19,28
54,55,122.87,black,48,23.8,28
55,56,99.99,black,47,21.6,29.4
56,57,229.99,gray oak,60,23.6,30.1
57,58,135.33,brown,35.4,16.1,29.5
58,59,135.33,gray,35.4,16.1,29.5
59,60,88.97,brown,40,19,28
60,61,124.99,black,39.4,19.7,28.7
61,62,189.99,black,47.2,23.6,29.9
62,63,189.99,dark wood,47.2,23.6,29.9
63,64,99.87,black,43,20,30
64,65,99.87,espresso,43,20,30
65,66,99.87,black,38,19.75,29.5
66,67,99.87,espresso,38,19.75,29.5
67,68,99.87,cherry,38,19.75,29.5
68,69,149.99,black,54,18.5,29.5
69,70,149.99,brown,54,18.5,29.5
70,71,148.99,black,47.2,19.3,28.3
71,72,147.0,walnut,47.2,19.3,28.3
72,73,219.99,oak,55.1,23.6,29.5
73,74,570.98,black,55.1,23.6,29.5
74,75,529.59,brown,55.1,23.6,29.5
75,76,132.99,black,55,19.6,29.3
76,77,209.99,black,53.54,17.72,30.31
77,78,209.99,black,48,20,29.5
78,79,189.99,black,48,24,28.3
79,80,124.99,black,39.4,19.7,28.7
80,81,124.99,brown,39.4,19.7,28.7
81,82,334.03,grey oak,39.4,19.7,28.7
82,83,79.99,brown,31.5,15.74,28.9
83,84,79.99,espresso gray,31.5,15.74,28.9
84,85,169.99,black,44,19,30
85,86,139.99,brown,44,19,30
86,87,229.99,brown,43.5,19,31
87,88,69.96,brown,31.5,15.7,29.1
88,89,69.96,black,31.5,15.7,29.1
89,90,99.87,walnut,43,20,30
90,91,79.99,black,31.49,19.68,29.52
91,92,79.99,black,31.49,19.68,29.52
92,93,129.99,brown,39,23,29
93,94,119.99,black,39.4,23.6,30
94,95,109.99,black,39.4,15.7,29.5
95,96,179.99,black,43.7,18.9,29.8
96,97,89.99,black,31.5,15.8,29.5
97,98,169.99,black,63,23.6,29.5
98,99,99.99,black,40,19.6,29.5
99,100,129.99,black,60,19.6,29.5
100,101,269.99,black,63,32,30
101,102,269.99,grey,63,32,30
102,103,269.99,oak,63,32,30
103,104,,black,70.87,35.43,29.53
104,105,,white,62.99,35.43,29.53
105,106,,black,93.7,42.53,29.53
106,107,119.99,black,47.2,23.6,29.5
107,108,109.99,white,47.2,23.6,29.5
108,109,339.99,grey,63,33.5,29.5
109,110,299.99,grey,70.86,31.5,29.53
110,111,109.99,black,29.5,29.5,29.5
111,112,269.99,grey,63,32,30
112,113,269.99,black,63,32,30
113,114,269.99,black,47.2,31.5,29.5
114,115,129.99,black,47.2,27.5,29.5
115,116,459.99,espresso,47.2,29.5,29
116,117,154.99,black,46.5,29.1,28.7
117,118,219.99,dark brown,47.24,27.55,29.53
118,119,209.99,dark brown,31.49,31.49,29.52
119,120,169.99,espresso,48,28,31
120,121,179.99,grey,48,29,30
121,122,179.99,cherry,48,29,30
122,123,249.99,retro brown,62.9,35.4,28.3
123,124,129.99,black,31.5,31.5,29.5
124,125,246.41,black,39.4,23.6,29.5
125,126,1115.88,black,60,38,30
126,127,289.99,gloss grey,31.5,31.5,30
127,128,527.99,brown,60,36,30
128,129,747.67,chipped white,60,36,30
129,130,747.67,dark gray,60,36,30
130,131,468.7,walnut brown,47.2,29.9,29.5
131,132,1099.99,dark gray,217.81,91.44,91.14
132,133,689.99,dark gray,198.45,106.68,76.53
133,134,1779.38,black,54,54,30
134,135,249.99,black,78.7,27.5,29.5
135,136,1872.05,black,72,42,30.5
136,137,177.4,brown,70.87,31.5,29.13
137,138,93.49,black,29.5,29.5,29.5
138,139,261.99,black,180,80,77
139,140,291.65,black,63,31.5,31.5
140,141,155.49,gray,32,32,29
141,142,372.29,gray,65,31.5,28.3
142,143,214.99,gray,49,29.5,29
143,144,150.21,brown,62.9,35.4,28.3
144,145,260.99,dark coffee,63,31.5,30
145,146,226.7,black,47.2,23.6,29.5
146,147,214.99,grey,43,27.5,30
147,148,470.89,brown,74.8,31.5,28.35
148,149,512.35,anthracite,74.8,31.5,28.35
149,150,181.99,black,55,16,37.5
150,151,269.99,wood,51.18,31.49,28.74
151,152,119.99,white,57.2,27.6,29.5
152,153,159.99,wood,46.85,27.16,29.13
153,154,199.99,wood,47.2,23.4,29
154,155,309.99,white,47.2,27.5,30
155,156,,white,55.12,31.5,29.53
156,157,,white,62.99,31.5,29.53
157,158,389.99,wood,62.2,30.7,29.53
158,159,259.99,white,70.86,31.1,30.7
159,160,235.55,wood,42.5,25.6,28.7
160,161,339.99,white,63,31.5,29.53
161,162,339.99,white,75,35.4,30
162,163,274.99,white,70.9,33.5,29.5
163,164,449.99,white,63,31.5,30.5
164,165,214.99,wood,43.25,27.5,29.5
165,166,279.99,clear,47.2,31.5,29.5
166,167,115.99,wood,31.1,31.1,29.13
167,168,209.99,white,55.11,31.49,29.52
168,169,,white,70.87,31.5,29.56
169,170,249.99,white,62.9,35.4,28.3
170,171,359.99,white,63,31.49,29.52
171,172,279.99,white,31.5,31.5,30
172,173,,white,62.99,31.5,29.53
173,174,,white,70.87,35.43,29.53
174,175,339.97,white,70.87,31.5,29.9
175,176,269.99,grey,63,32,31
176,177,124.99,oak,47.2,27.2,29.5
177,178,124.99,oak,47.2,27.2,29.5
178,179,110.49,wood,55.1,29.5,29.1
179,180,152.94,wood,46.5,29.1,28.7
180,181,131.74,wood,63,27.6,29.9
181,182,111.66,wood,47.2,27.2,29.5
182,183,730.82,white,62.99,31.5,29.56
183,184,190.13,white,62.9,35.4,28.3
184,185,190.13,white,62.9,35.4,28.3
185,186,205.07,grey,78.7,31.5,29.7
186,187,187.49,wood,51,27.5,30
187,188,174.1,wood,43.25,27.5,29.5
188,189,130.92,wood,23.6,23.6,29.9
189,190,67.99,white,29.5,29.5,29.5
190,191,414.49,wood,62.2,30.7,29.53
191,192,351.82,white,31.5,31.5,30
192,193,200.6,wood,78.74,27.55,29.52
193,194,164.31,wood,43.3,23.6,29.5
194,195,366.89,wood,43.3,27.6,29.6
195,196,539.49,wood,55.1,27.6,29.5
196,197,206.49,beige,47,27.5,29.5
197,198,156.49,white,62.9,35.4,28.3
198,199,201.99,grey,31.5,31.5,29.9
199,200,280.01,wood,63,35.4,29.3
